{
  "hash": "77ed65c9",
  "configHash": "d33feb7d",
  "lockfileHash": "35bf1176",
  "browserHash": "f4a188f3",
  "optimized": {
    "@angular/core": {
      "src": "../../../../../../node_modules/@angular/core/fesm2022/core.mjs",
      "file": "@angular_core.js",
      "fileHash": "cd55336f",
      "needsInterop": false
    },
    "@angular/platform-browser": {
      "src": "../../../../../../node_modules/@angular/platform-browser/fesm2022/platform-browser.mjs",
      "file": "@angular_platform-browser.js",
      "fileHash": "b687941a",
      "needsInterop": false
    },
    "@angular/router": {
      "src": "../../../../../../node_modules/@angular/router/fesm2022/router.mjs",
      "file": "@angular_router.js",
      "fileHash": "8072c24a",
      "needsInterop": false
    }
  },
  "chunks": {
    "chunk-I24HARRT": {
      "file": "chunk-I24HARRT.js"
    },
    "chunk-WGQFXCG2": {
      "file": "chunk-WGQFXCG2.js"
    }
  }
}