{
  "hash": "8098f7ec",
  "configHash": "8849210a",
  "lockfileHash": "66b18f83",
  "browserHash": "2ee21e25",
  "optimized": {
    "@angular/common": {
      "src": "../../../../../../node_modules/@angular/common/fesm2022/common.mjs",
      "file": "@angular_common.js",
      "fileHash": "389f85f4",
      "needsInterop": false
    },
    "@angular/common/http": {
      "src": "../../../../../../node_modules/@angular/common/fesm2022/http.mjs",
      "file": "@angular_common_http.js",
      "fileHash": "028c91c0",
      "needsInterop": false
    },
    "@angular/core": {
      "src": "../../../../../../node_modules/@angular/core/fesm2022/core.mjs",
      "file": "@angular_core.js",
      "fileHash": "306dfc49",
      "needsInterop": false
    },
    "@angular/forms": {
      "src": "../../../../../../node_modules/@angular/forms/fesm2022/forms.mjs",
      "file": "@angular_forms.js",
      "fileHash": "8608ec0c",
      "needsInterop": false
    },
    "@angular/platform-browser": {
      "src": "../../../../../../node_modules/@angular/platform-browser/fesm2022/platform-browser.mjs",
      "file": "@angular_platform-browser.js",
      "fileHash": "d746357c",
      "needsInterop": false
    },
    "@angular/router": {
      "src": "../../../../../../node_modules/@angular/router/fesm2022/router.mjs",
      "file": "@angular_router.js",
      "fileHash": "4725fe60",
      "needsInterop": false
    },
    "aos": {
      "src": "../../../../../../node_modules/aos/dist/aos.js",
      "file": "aos.js",
      "fileHash": "5dc98759",
      "needsInterop": true
    },
    "rxjs": {
      "src": "../../../../../../node_modules/rxjs/dist/esm5/index.js",
      "file": "rxjs.js",
      "fileHash": "e8956517",
      "needsInterop": false
    }
  },
  "chunks": {
    "chunk-ZC6DE6QQ": {
      "file": "chunk-ZC6DE6QQ.js"
    },
    "chunk-Z5MN4PLH": {
      "file": "chunk-Z5MN4PLH.js"
    },
    "chunk-KNXXPHIY": {
      "file": "chunk-KNXXPHIY.js"
    },
    "chunk-OV3HJYGZ": {
      "file": "chunk-OV3HJYGZ.js"
    },
    "chunk-LBCYZSVY": {
      "file": "chunk-LBCYZSVY.js"
    },
    "chunk-P6U2JBMQ": {
      "file": "chunk-P6U2JBMQ.js"
    },
    "chunk-3OV72XIM": {
      "file": "chunk-3OV72XIM.js"
    }
  }
}